{"cameraMode":{"drawMode":0,"name":"Shaded","section":"Shading Mode"},"sceneLighting":true,"audioPlay":false,"sceneViewState":{"showFog":true,"showMaterialUpdate":false,"showSkybox":true,"showFlares":true,"showImageEffects":true,"showParticleSystems":true},"in2DMode":false,"pivot":{"x":-24.43073272705078,"y":-79.77987670898438,"z":-29.782358169555665},"rotation":{"x":-0.25058799982070925,"y":-0.4103645980358124,"z":0.11836231499910355,"w":-0.8687979578971863},"size":10.172611236572266,"orthographic":false}