{"cameraMode":{"drawMode":0,"name":"Shaded","section":"Shading Mode"},"sceneLighting":true,"audioPlay":false,"sceneViewState":{"showFog":true,"showMaterialUpdate":false,"showSkybox":true,"showFlares":true,"showImageEffects":true,"showParticleSystems":true},"in2DMode":false,"pivot":{"x":-25.5379638671875,"y":-80.10555267333985,"z":-28.100000381469728},"rotation":{"x":-0.25058799982070925,"y":-0.4103645980358124,"z":0.11836231499910355,"w":-0.8687979578971863},"size":5.104764938354492,"orthographic":false}