{"cameraMode":{"drawMode":0,"name":"Shaded","section":"Shading Mode"},"sceneLighting":true,"audioPlay":false,"sceneViewState":{"showFog":true,"showMaterialUpdate":false,"showSkybox":true,"showFlares":true,"showImageEffects":true,"showParticleSystems":true},"in2DMode":false,"pivot":{"x":-23.552581787109376,"y":-80.70388793945313,"z":-31.398662567138673},"rotation":{"x":0.06597711890935898,"y":-0.8920255899429321,"z":0.13838782906532288,"w":0.42530548572540285},"size":10.266080856323243,"orthographic":false}