{"cameraMode":{"drawMode":0,"name":"Shaded","section":"Shading Mode"},"sceneLighting":false,"audioPlay":false,"sceneViewState":{"showFog":true,"showMaterialUpdate":false,"showSkybox":true,"showFlares":true,"showImageEffects":true,"showParticleSystems":true},"in2DMode":false,"pivot":{"x":-25.85708236694336,"y":-71.25106811523438,"z":-45.23029708862305},"rotation":{"x":-0.08316412568092346,"y":-0.8476731181144714,"z":0.5050255656242371,"w":-0.1395893692970276},"size":149.57908630371095,"orthographic":false}