{"cameraMode":{"drawMode":0,"name":"Shaded","section":"Shading Mode"},"sceneLighting":true,"audioPlay":false,"sceneViewState":{"showFog":true,"showMaterialUpdate":false,"showSkybox":true,"showFlares":true,"showImageEffects":true,"showParticleSystems":true},"in2DMode":false,"pivot":{"x":-3.854480743408203,"y":-30.897838592529298,"z":-41.701271057128909},"rotation":{"x":-0.32661542296409609,"y":-0.6594561338424683,"z":-0.38832929730415347,"w":0.5546541810035706},"size":217.06576538085938,"orthographic":false}