{"cameraMode":{"drawMode":0,"name":"Shaded","section":"Shading Mode"},"sceneLighting":true,"audioPlay":false,"sceneViewState":{"showFog":true,"showMaterialUpdate":false,"showSkybox":true,"showFlares":true,"showImageEffects":true,"showParticleSystems":true},"in2DMode":false,"pivot":{"x":-26.11547088623047,"y":-82.525390625,"z":-29.05082130432129},"rotation":{"x":-0.2163807898759842,"y":-0.4656880795955658,"z":0.11856735497713089,"w":-0.84986412525177},"size":20.428489685058595,"orthographic":false}