{"cameraMode":{"drawMode":0,"name":"Shaded","section":"Shading Mode"},"sceneLighting":true,"audioPlay":false,"sceneViewState":{"showFog":true,"showMaterialUpdate":false,"showSkybox":true,"showFlares":true,"showImageEffects":true,"showParticleSystems":true},"in2DMode":false,"pivot":{"x":-26.271625518798829,"y":-79.83061218261719,"z":-27.740095138549806},"rotation":{"x":0.26390504837036135,"y":-0.2198161780834198,"z":0.06190897151827812,"w":0.9371411800384522},"size":13.440991401672364,"orthographic":false}