{"cameraMode":{"drawMode":0,"name":"Shaded","section":"Shading Mode"},"sceneLighting":true,"audioPlay":false,"sceneViewState":{"showFog":true,"showMaterialUpdate":false,"showSkybox":true,"showFlares":true,"showImageEffects":true,"showParticleSystems":true},"in2DMode":false,"pivot":{"x":-25.5379638671875,"y":-80.10555267333985,"z":-28.100000381469728},"rotation":{"x":-0.2163807898759842,"y":-0.4656880795955658,"z":0.11856735497713089,"w":-0.84986412525177},"size":9.396431922912598,"orthographic":false}